ID,Wallet
1,0x26577193c143e14588f12c7fa63480feb3ad5dbc
2,0x832e4279012f34de383cd3bf262b167f6359a24b
3,0xf45ce2ca19125208ba33b43e8d2042f663556fbc
4,0xd70319236bc1a64c5ae7386c8082dfbaeb4e5a65
5,0xc098b2a3aa256d2140208c3de6543aaef5cd3a94
6,0xbcce69052bb61c9ee9b96c71e42a8e4674ca83ae
7,0x28c6c06298d514db089934071355e5743bf21d60
8,0xdfd5293d8e347dfe59e90efd55b2956a1343963d
9,0x21a31ee1afc51d94c2efccaa2092ad1028285549
10,0xd3020a76939a832ab4cd3e366cecf14753087a61
11,0xdac17f958d2ee523a2206206994597c13d831ec7
12,0x56352d1ce408e7f1ccf355cb53fcd5041b352f4e
13,0x11111112542d85b3ef69ae05771c2dccff4faa26
